CREATE TABLE dinein_order (
    id bigint NOT NULL,
    client_id text,
    dinein_order_id text,
    table_id int,
    invoice_id bigint,
    handler_id bigint,
    invoice_status text,
    price FLOAT,
    cst FLOAT,
    gst FLOAT,
    discount FLOAT,
    total_price FLOAT,
    created_by text,
    updated_by text,
    created_at TIMESTAMP DEFAULT CURRENT_TIMESTAMP,
    updated_at TIMESTAMP DEFAULT CURRENT_TIMESTAMP,
    status text
);

ALTER TABLE dinein_order OWNER TO postgres;


ALTER TABLE dinein_order ALTER COLUMN id ADD GENERATED ALWAYS AS IDENTITY (
    SEQUENCE NAME dineinOrder_id_seq
    START WITH 1000
    INCREMENT BY 1
    MINVALUE 1000
    MAXVALUE 1000000000000
    CACHE 1
);

CREATE TABLE order_item (
    id bigint NOT NULL,
    client_id text,
    order_id bigint,
    item_id bigint,
    item_name text,
    slug text,
	status text,
    quantity INT
);

ALTER TABLE order_item OWNER TO postgres;


ALTER TABLE order_item ALTER COLUMN id ADD GENERATED BY DEFAULT AS IDENTITY (
    SEQUENCE NAME orderItem_id_seq
    START WITH 1000
    INCREMENT BY 1
    MINVALUE 1000
    MAXVALUE 1000000000000
    CACHE 1
);

CREATE TABLE inventory (
    id bigint NOT NULL,
    client_id text,
    inventory_id bigint,
    line_item_id bigint[],
    code text,
    name text,
    description text,
    category_id text,
    realm text,
    availability INT,
    unit text,
    image_id text,
    unit_price FLOAT,
    unit_cst FLOAT,
    unit_gst FLOAT,
    unit_total_price FLOAT,
    price FLOAT,
    cst FLOAT,
    gst FLOAT,
    discount FLOAT,
    total_price FLOAT,
    slug text,
    created_by text,
    updated_by text,
    created_at TIMESTAMP DEFAULT CURRENT_TIMESTAMP,
    updated_at TIMESTAMP DEFAULT CURRENT_TIMESTAMP
);

ALTER TABLE inventory OWNER TO postgres;


ALTER TABLE inventory ALTER COLUMN id ADD GENERATED ALWAYS AS IDENTITY (
    SEQUENCE NAME inventory_id_seq
    START WITH 1000
    INCREMENT BY 1
    MINVALUE 1000
    MAXVALUE 1000000000000
    CACHE 1
);

CREATE TABLE "user" (
    username text,
    hashed_password text,
    id UUID PRIMARY KEY DEFAULT gen_random_uuid(),
    client_id text,
    roles text[],
    grants text[]
);


ALTER TABLE "user" OWNER TO postgres;



CREATE TABLE page_definition (
    id bigint NOT NULL,
    client_id text,
    module text,
    role text,
    screen_id text,
    load_type text,
    operations text[]
);


ALTER TABLE page_definition OWNER TO postgres;

ALTER TABLE page_definition ALTER COLUMN id ADD GENERATED ALWAYS AS IDENTITY (
    SEQUENCE NAME pageDefinition_id_seq
    START WITH 1000
    INCREMENT BY 1
    MINVALUE 1000
    MAXVALUE 1000000000000
    CACHE 1
);

CREATE TABLE client (
    id text NOT NULL,
    name text,
    realm text,
    email text,
    phone text,
    logo text,
    saved_address_ids text[],
    created_date_time TIMESTAMP DEFAULT CURRENT_TIMESTAMP,
    updated_date_time TIMESTAMP DEFAULT CURRENT_TIMESTAMP
);


ALTER TABLE client OWNER TO postgres;




CREATE TABLE person (
    id text NOT NULL,
    first_name text,
    last_name text,
    dob text,
    email text,
    phone text,
    person_type text,
    saved_address_ids bigint[],
    created_by text,
    updated_by text,
    created_at TIMESTAMP DEFAULT CURRENT_TIMESTAMP,
    updated_at TIMESTAMP DEFAULT CURRENT_TIMESTAMP
);


ALTER TABLE person OWNER TO postgres;




CREATE TABLE "address" (
    id bigint NOT NULL,
    address_line1 text,
    address_line2 text,
    city text,
    country text,
    "state" text,
    pincode text,
    contact_name text,
    contact_number text,
    created_at TIMESTAMP DEFAULT CURRENT_TIMESTAMP,
    updated_at TIMESTAMP DEFAULT CURRENT_TIMESTAMP
);


ALTER TABLE "address" OWNER TO postgres;

ALTER TABLE "address" ALTER COLUMN id ADD GENERATED ALWAYS AS IDENTITY (
    SEQUENCE NAME address_id_seq
    START WITH 1000
    INCREMENT BY 1
    MINVALUE 1000
    MAXVALUE 1000000000000
    CACHE 1
);

CREATE TABLE category (
    id text NOT NULL,
    client_id text,
    name text,
    description text,
    sub_categories text[],
    slug text,
    created_by text,
    updated_by text,
    created_at TIMESTAMP DEFAULT CURRENT_TIMESTAMP,
    updated_at TIMESTAMP DEFAULT CURRENT_TIMESTAMP
);


ALTER TABLE category OWNER TO postgres;


CREATE TABLE document (
    id text NOT NULL,
    client_id text,
    category_id text,
    name text,
    description text,
    is_protected boolean,
    realm text,
    url text,
    path text,
    is_active boolean,
    created_by text,
    last_read_by text,
    created_date_time TIMESTAMP DEFAULT CURRENT_TIMESTAMP,
    last_read_date_time TIMESTAMP DEFAULT CURRENT_TIMESTAMP
);


ALTER TABLE document OWNER TO postgres;

CREATE TABLE document_version (
    id text NOT NULL,
    version_no int,
    url text,
    path text,
    status text,
    category_id text,
    created_by bigint,
    last_read_by bigint,
    created_date_time TIMESTAMP DEFAULT CURRENT_TIMESTAMP,
    last_read_date_time TIMESTAMP DEFAULT CURRENT_TIMESTAMP
);


ALTER TABLE document_version OWNER TO postgres;


CREATE TABLE IF NOT EXISTS public.tables (
    id             BIGINT PRIMARY KEY,
    client_id      TEXT NOT NULL,
    name           TEXT NOT NULL,
    slug           TEXT UNIQUE,
    qr_code_url    TEXT,
    description    TEXT,
    status         TEXT DEFAULT 'Vacant',
    table_type     TEXT,
    section        TEXT,
    location_zone  TEXT,
    sort_order     INTEGER,
    is_active      BOOLEAN NOT NULL DEFAULT TRUE,
    created_by     TEXT,
    updated_by     TEXT,
    created_at     TIMESTAMP WITHOUT TIME ZONE DEFAULT CURRENT_TIMESTAMP,
    updated_at     TIMESTAMP WITHOUT TIME ZONE DEFAULT CURRENT_TIMESTAMP
);

ALTER TABLE public.tables OWNER TO postgres;

-- ********************************
ALTER TABLE tables ALTER COLUMN id ADD GENERATED BY DEFAULT AS IDENTITY;



ALTER TABLE public.order_item
  ADD COLUMN IF NOT EXISTS unit_price  double precision NULL,
  ADD COLUMN IF NOT EXISTS line_total  double precision NULL;

-- ********************************


-- Insert into DineinOrder
INSERT INTO dinein_order (id, client_id, dinein_order_id, table_id, invoice_id, handler_id, invoice_status, price, cst, gst, discount, total_price, status)
OVERRIDING SYSTEM VALUE VALUES
(1000, 'easyfood', 'order_1', 3, 1, '1000', 'new', NULL, NULL, NULL, NULL, NULL, 'new'),
(1001, 'easyfood', 'order_2', 4, 2, '1000', 'generated', 180, 16, 16, 0, 212, 'preparing'),
(1002, 'easyfood', 'order_3', 4, 3, '1000', 'paid', 90, 8, 8, 0, 106, 'served');

-- Insert into OrderItem
INSERT INTO order_item (id, client_id, order_id, item_id, quantity, status, item_name, slug)
OVERRIDING SYSTEM VALUE VALUES
(1000, 'easyfood', 1000, 1000, 1, 'served', 'Veg biriyani', null),
(1001, 'easyfood', 1000, 1004, 2, 'preparing', 'Test data', null),
(1002, 'easyfood', 1000, 1003, 1, 'served', 'Test data', null),
(1003, 'easyfood', 1000, 1004, 2, 'new', 'Test data', null),
(1004, 'easyfood', 1001, 1000, 1, 'served', 'Test data', null),
(1005, 'easyfood', 1001, 1001, 1, 'served', 'Test data', null),
(1006, 'easyfood', 1002, 1003, 1, 'served', 'Test data', null);

-- Insert into Inventory
INSERT INTO inventory (id, client_id, inventory_id, line_item_id, name, description, category_id, realm, availability, unit, unit_price, unit_cst, unit_gst, unit_total_price, price, cst, gst, discount, total_price)
OVERRIDING SYSTEM VALUE VALUES
(1000, 'easyfood', 1, '{1001,1002}', 'Veg biriyani', 'tasty veg biriyani', 'Biriyani', 'food', 100, 'number', 90, 8, 8, 106, 9000, 800, 800, 0, 10600),
(1001, 'easyfood', 1, NULL, 'Sherwa', 'Veg gravy', 'Gravy', 'food', 100, 'number', 10, 9, 9, 28, 1000, 80, 80, 0, 11160),
(1002, 'easyfood', 1, NULL, 'Raita', 'Plain raitha', 'Raitha', 'food', 100, 'number', 0, 0, 0, 0, 0, 0, 0, 0, 0),
(1003, 'easyfood', 1, '{1002}', 'Rice bath', 'Plain rice bath', 'Rice', 'food', 100, 'number', 90, 8, 8, 106, 9000, 800, 800, 0, 10600),
(1004, 'easyfood', 1, NULL, 'Mushroom biriyani', 'Mushroom biriyani without Sherwa', 'Biriyani', 'food', 100, 'number', 90, 8, 8, 106, 9000, 800, 800, 0, 11600),
(1009, 'samsung', 1, '{1012}', 'Screen 5inch', '5inch screen', 'Screen', 'digital', 100, 'number', 90, 8, 8, 106, 9000, 800, 800, 0, 11600),
(1010, 'samsung', 1, '{1011,1013}', 'Screen 15inch', '15inch screen', 'Screen', 'digital', 100, 'number', 90, 8, 8, 106, 9000, 800, 800, 0, 11600),
(1011, 'samsung', 1, NULL, 'Wiring 6mm', 'Wiring 6mm', 'Screen', 'digital', 100, 'number', 90, 8, 8, 106, 9000, 800, 800, 0, 11600),
(1012, 'samsung', 1, NULL, 'Wiring 2mm', 'Wiring 2mm', 'Screen', 'digital', 100, 'number', 90, 8, 8, 106, 9000, 800, 800, 0, 11600),
(1013, 'samsung', 1, '{1014, 1015}', 'PCB sheet', 'PCB sheet', 'Boards', 'digital', 100, 'number', 90, 8, 8, 106, 9000, 800, 800, 0, 11600),
(1014, 'samsung', 1, NULL, 'transistors', 'PCB sheet', 'Boards', 'digital', 100, 'number', 90, 8, 8, 106, 9000, 800, 800, 0, 11600),
(1015, 'samsung', 1, NULL, 'capacitor', 'PCB sheet', 'Boards', 'digital', 100, 'number', 90, 8, 8, 106, 9000, 800, 800, 0, 11600),
(1016, 'easyfood', 1, NULL, 'Veg noodles', 'Veg gravy', 'Gravy', 'food', 100, 'number', 10, 9, 9, 28, 1000, 80, 80, 0, 11160),
(1018, 'easyfood', 1, NULL, 'Raita', 'Plain raitha', 'Raitha', 'food', 100, 'number', 0, 0, 0, 0, 0, 0, 0, 0, 0),
(1019, 'easyfood', 1, '{1002}', 'Rice bath', 'Plain rice bath', 'Rice', 'food', 100, 'number', 90, 8, 8, 106, 9000, 800, 800, 0, 10600),

(1020, 'easyfood', 1, NULL, 'Veg noodles', 'Veg noodles', 'chinese_02', 'food', 100, 'number', 90, 8, 8, 106, 9000, 800, 800, 0, 11600);

INSERT INTO page_definition (id, client_id, module, role, screen_id, load_type, operations) OVERRIDING SYSTEM VALUE VALUES (1001, 'easyfood', 'dinein', 'Admin', 'default_dinein', 'include', '{ALL}');
INSERT INTO page_definition (id, client_id, module, role, screen_id, load_type, operations) OVERRIDING SYSTEM VALUE VALUES (1003, 'easyfood', 'order', 'Admin', 'default_order', 'include', '{ALL}');
INSERT INTO page_definition (id, client_id, module, role, screen_id, load_type, operations) OVERRIDING SYSTEM VALUE VALUES (1005, 'easyfood', 'tables', 'Admin', 'default_tables', 'include', '{ALL}');
INSERT INTO page_definition (id, client_id, module, role, screen_id, load_type, operations) OVERRIDING SYSTEM VALUE VALUES (1002, 'easyfood', 'inventory', 'Admin', 'default_inventory', 'include', '{ALL}');
INSERT INTO page_definition (id, client_id, module, role, screen_id, load_type, operations) OVERRIDING SYSTEM VALUE VALUES (1004, 'easyfood', 'users', 'Admin', 'default_user', 'exclude', '{test}');
INSERT INTO page_definition (id, client_id, module, role, screen_id, load_type, operations) OVERRIDING SYSTEM VALUE VALUES (1006, 'easyfood', 'invoice', 'Admin', 'default_invoice', 'include', '{ALL}');
INSERT INTO page_definition (id, client_id, module, role, screen_id, load_type, operations) OVERRIDING SYSTEM VALUE VALUES (1007, 'easyfood', 'menu', 'Admin', 'default_menu', 'include', '{ALL}');
INSERT INTO page_definition (id, client_id, module, role, screen_id, load_type, operations) OVERRIDING SYSTEM VALUE VALUES (1008, 'easyfood', 'document', 'Admin', 'default_document', 'include', '{ALL}');
INSERT INTO page_definition (id, client_id, module, role, screen_id, load_type, operations) OVERRIDING SYSTEM VALUE VALUES (1009, 'easyfood', 'order_item', 'Admin', 'default_order_items', 'include', '{ALL}');
INSERT INTO page_definition (id, client_id, module, role, screen_id, load_type, operations) OVERRIDING SYSTEM VALUE VALUES (1010, 'easyfood', 'order_items', 'Admin', 'default_order_items', 'include', '{ALL}');



INSERT INTO category (id, client_id, name, description, sub_categories, created_by, updated_by, slug) OVERRIDING SYSTEM VALUE VALUES 
('dietery', 'easyfood', 'Dietery', 'Dietry type', '{"dietery_01", "dietery_02", "dietery_03", "dietery_04"}', '1000', '1000', '_Dietery'),
('dietery_01', 'easyfood', 'Veg', 'Veg only', null, '1000', '1000', '_Dietery_Veg'),
('dietery_02', 'easyfood', 'Non-Veg', 'Non veg', null, '1000', '1000', '_Dietery_Non-Veg'),
('dietery_03', 'easyfood', 'Vegan', 'Jain food', null, '1000', '1000', '_Dietery_Vegan'),
('dietery_04', 'easyfood', 'Eggeterian', 'Egg food', null, '1000', '1000', '_Dietery_Eggeterian'),
('chinese_01', 'easyfood', 'Chinese', 'Chinese delicious', '{"chinese_02", "chinese_03"}', '1000', '1000', null),
('chinese_02', 'easyfood', 'Noodles', 'Noodles special delicious',null, '1000', '1000', null),
('chinese_03', 'easyfood', 'Soups', 'Soups special delicious',null, '1000', '1000', null),
('northindian_01', 'easyfood', 'North Indian', 'North Indian Special', '{"northindian_meals_02", "northindian_breads_03", "northindian_gravy_04"}', '1000', '1000', null),
('northindian_meals_02', 'easyfood', 'North Meals', 'Unlimited north means', null, '1000', '1000', null),
('northindian_breads_03', 'easyfood', 'Breads', 'All roti and naans', null, '1000', '1000', null),
('northindian_gravy_04', 'easyfood', 'Gravy', 'All gravies of north indian style', '{"northindian_veg_05", "northindian_non_veg_06"}', '1000', '1000', null),
('northindian_veg_05', 'easyfood', 'Veg', 'Veg only', null, '1000', '1000', null),
('northindian_non_veg_06', 'easyfood', 'Non-Veg', 'Non vegeterian', null, '1000', '1000', null),
('l_bit_rod_01', 'ram_manufacturing', 'L_BIT_ROD', 'All bit rods', '{"red_wire_01", "switch_01"}', '1000', '1000', null),
('red_wire_01', 'ram_manufacturing', 'RED_WIRE', 'All red wires', null, '1000', '1000', null),
('switch_01', 'ram_manufacturing', 'SWITCH', 'All switches', null, '1000', '1000', null),
('switch_02', 'ram_manufacturing', 'DP SWITCH', 'All switches','{"red_wire_01"}' , '1000', '1000', null);


--updates

INSERT INTO "user" (username, hashed_password, id, client_id, roles, grants) OVERRIDING SYSTEM VALUE VALUES ('admin', '$2b$12$NcusUR2dTlmL/bwUYamZt.QOrGW9.ksrmFSQyx32Lc15VtWfyDPFC', '461e8cc6-a897-59b3-9f0e-1f2e19cd179c', 'easyfood', '{Admin}', '{restaurant}');


INSERT INTO client(id, name, realm, email) VALUES ('easyfood', 'Easy Food Restaurant', 'restaurant', 'easyfood@gmail.com');


INSERT INTO public.category (id, client_id, name, description, sub_categories, slug, created_by, updated_by, created_at, updated_at) VALUES ('roles', 'easyfood', 'Roles', 'Roles definition', '{admin,waiter,receptionist}', '_Roles', '1000', '1000', '2025-08-19 12:47:01.377214', '2025-08-19 12:47:01.377214');
INSERT INTO public.category (id, client_id, name, description, sub_categories, slug, created_by, updated_by, created_at, updated_at) VALUES ('admin', 'easyfood', 'Admin', 'admin', NULL, '_Roles_Admin', '1000', '1000', '2025-08-19 12:47:01.377214', '2025-08-19 12:47:01.377214');
INSERT INTO public.category (id, client_id, name, description, sub_categories, slug, created_by, updated_by, created_at, updated_at) VALUES ('waiter', 'easyfood', 'Waiter', 'admin', NULL, '_Roles_Waiter', '1000', '1000', '2025-08-19 12:47:01.377214', '2025-08-19 12:47:01.377214');
INSERT INTO public.category (id, client_id, name, description, sub_categories, slug, created_by, updated_by, created_at, updated_at) VALUES ('receptionist', 'easyfood', 'Receptionist', 'admin', NULL, '_Roles_Receptionist', '1000', '1000', '2025-08-19 12:47:01.377214', '2025-08-19 12:47:01.377214');
	

INSERT INTO category (id, client_id, name, description, sub_categories, slug, created_by, updated_by, created_at, updated_at) VALUES ('realm', 'saas', 'Realm', 'Realm of overall application framework', '{restaurant}', '_Realm', NULL, NULL, '2025-09-19 02:27:03.632856', '2025-09-19 02:27:03.632856');
INSERT INTO category (id, client_id, name, description, sub_categories, slug, created_by, updated_by, created_at, updated_at) VALUES ('restaurant', 'saas', 'Restaurant', 'Restaurant realm in saas application', '{dinein,order,menu,inventory,users,tables,invoice,menu,document,order_item,order_items,kds}', '_Realm_Restaurant', NULL, NULL, '2025-09-19 02:27:03.632856', '2025-09-19 02:27:03.632856');
INSERT INTO category (id, client_id, name, description, sub_categories, slug, created_by, updated_by, created_at, updated_at) VALUES ('dinein', 'saas', 'Dinein', 'All access to dine in module', '{create,update,order,table,delete}', '_Realm_Restaurant_Dinein', NULL, NULL, '2025-09-19 02:27:03.632856', '2025-09-19 02:27:03.632856');
INSERT INTO category (id, client_id, name, description, sub_categories, slug, created_by, updated_by, created_at, updated_at) VALUES ('order_items', 'saas', 'Order Items', 'All access to order items module', '{update}', '_Realm_Restaurant_Order Items', NULL, NULL, '2025-09-19 02:27:03.632856', '2025-09-19 02:27:03.632856');
INSERT INTO category (id, client_id, name, description, sub_categories, slug, created_by, updated_by, created_at, updated_at) VALUES ('order', 'saas', 'Order', 'All access to order module', '{update}', '_Realm_Restaurant_Order', NULL, NULL, '2025-09-19 02:27:03.632856', '2025-09-19 02:27:03.632856');
INSERT INTO category (id, client_id, name, description, sub_categories, slug, created_by, updated_by, created_at, updated_at) VALUES ('order_item', 'saas', 'Order item', 'Single order item accessibility', '{update,delete}', '_Realm_Restaurant_Order item', NULL, NULL, '2025-09-19 02:27:03.632856', '2025-09-19 02:27:03.632856');
INSERT INTO category (id, client_id, name, description, sub_categories, slug, created_by, updated_by, created_at, updated_at) VALUES ('menu', 'saas', 'Menu', 'All access related to menu configuration', '{create,update,read,delete,read_category,update_category,delete_category,create_category}', '_Realm_Restaurant_Menu', NULL, NULL, '2025-09-19 02:27:03.632856', '2025-09-19 02:27:03.632856');
INSERT INTO category (id, client_id, name, description, sub_categories, slug, created_by, updated_by, created_at, updated_at) VALUES ('inventory', 'saas', 'Inventory', 'All access related to menu configuration', '{create,update,read,delete,read_category,update_category,delete_category,create_category}', '_Realm_Restaurant_Inventory', NULL, NULL, '2025-09-19 02:27:03.632856', '2025-09-19 02:27:03.632856');
INSERT INTO category (id, client_id, name, description, sub_categories, slug, created_by, updated_by, created_at, updated_at) VALUES ('tables', 'saas', 'Tables', 'Table management accesses', '{create,update,read,delete}', '_Realm_Restaurant_Tables', NULL, NULL, '2025-09-19 02:27:03.632856', '2025-09-19 02:27:03.632856');
INSERT INTO category (id, client_id, name, description, sub_categories, slug, created_by, updated_by, created_at, updated_at) VALUES ('users', 'saas', 'Users', 'User management accesses', '{register,login,add,reset-password,test,test2,test3}', '_Realm_Restaurant_Users', NULL, NULL, '2025-09-19 02:27:03.632856', '2025-09-19 02:27:03.632856');
INSERT INTO category (id, client_id, name, description, sub_categories, slug, created_by, updated_by, created_at, updated_at) VALUES ('invoice', 'saas', 'Billing', 'Billing generation and update service accessibility', '{create,update,read,delete,read_document,update_document,delete_document,create_document,from-order-service,generate,issue}', '_Realm_Restaurant_Billing', NULL, NULL, '2025-09-19 02:27:03.632856', '2025-09-19 02:27:03.632856');
INSERT INTO category (id, client_id, name, description, sub_categories, slug, created_by, updated_by, created_at, updated_at) VALUES ('document', 'saas', 'Document', 'Document storage', '{read,upload,replace,download}', '_Realm_Restaurant_Document', NULL, NULL, '2025-09-19 02:27:03.632856', '2025-09-19 02:27:03.632856');
INSERT INTO category (id, client_id, name, description, sub_categories, slug, created_by, updated_by, created_at, updated_at) VALUES ('kds', 'saas', 'KDS', 'Kitchen Display', '{read,update,delete}', '_Realm_Restaurant_KDS', NULL, NULL, '2025-09-19 02:27:03.632856', '2025-09-19 02:27:03.632856');

-- add-user update
UPDATE category
SET sub_categories = array_cat(sub_categories, ARRAY['person-details', 'persons'])
WHERE id = 'users' AND client_id = 'saas';